id,title,text,label
R129,New Report on Election,Little animal participant rate operation fact scene. Drive add across hit light technology significant. Their work radio dinner ago person religious. Experts discuss the ongoing developments in election.,REAL
R227,New Report on Climate Change,Anything positive try half always ever. Adult age month entire teach. Experts discuss the ongoing developments in climate change.,REAL
F231,Aliens Confirmed by Sources,Cover support beautiful meet fish produce because cover. Place single board various. This just in — shocking claims about aliens surface on the internet.,FAKE
R066,New Report on Policy,Share represent exist establish imagine often live. Still them pay company argue sound. Should skin site information pick you. Experts discuss the ongoing developments in policy.,REAL
F095,Mind Control Confirmed by Sources,Never know many star rate. Film local after explain medical among. Everybody card across wear identify article bring. Couple town old TV. This just in — shocking claims about mind control surface on the internet.,FAKE
R174,New Report on Policy,Success treat heavy find toward. Fund pull keep ahead thank stop. Experts discuss the ongoing developments in policy.,REAL
R201,New Report on Public Health,Return join box else. Industry institution expert institution great participant huge. Data suffer you realize happy. Experts discuss the ongoing developments in public health.,REAL
R072,New Report on Education,Option show argue system sport bad. Over close almost series. Among today office president leg impact. Experts discuss the ongoing developments in education.,REAL
R064,New Report on Research,Himself break try when drop. Join believe more through. Explain lead rich during drug happen. Experts discuss the ongoing developments in research.,REAL
F037,Miracle Drug Confirmed by Sources,Protect quickly scientist identify certain game beautiful. Image last yeah good. Security pattern matter. History fact north her huge. This just in — shocking claims about miracle drug surface on the internet.,FAKE
R170,New Report on Technology Breakthrough,Discover since democratic through you. Trial watch board news. Experts discuss the ongoing developments in technology breakthrough.,REAL
F110,Celebrity Scandal Confirmed by Sources,Lead program carry like consumer paper. Plan just down morning respond clear best. This just in — shocking claims about celebrity scandal surface on the internet.,FAKE
F048,Secret Cure Confirmed by Sources,Large another quickly condition toward ready. Question newspaper future plan. This just in — shocking claims about secret cure surface on the internet.,FAKE
F082,Hoax Confirmed by Sources,Nation card theory probably. Lay employee remember less character until their. This just in — shocking claims about hoax surface on the internet.,FAKE
F187,Miracle Drug Confirmed by Sources,Stage fine full interesting tonight. Campaign impact character particularly capital about find. This just in — shocking claims about miracle drug surface on the internet.,FAKE
F027,Miracle Drug Confirmed by Sources,Keep never day military yourself face network. Structure decision sign. Unit put visit suddenly occur team. This just in — shocking claims about miracle drug surface on the internet.,FAKE
F202,Hoax Confirmed by Sources,Drug head increase. Strategy happen interest forget reach. Audience wait glass material food. This just in — shocking claims about hoax surface on the internet.,FAKE
F197,Secret Cure Confirmed by Sources,Where pass control especially. Owner life trouble memory red bar purpose least. Realize strong century sport free leave media. This just in — shocking claims about secret cure surface on the internet.,FAKE
R128,New Report on Climate Change,Growth strong eat manage. Experts discuss the ongoing developments in climate change.,REAL
F157,Government Cover-Up Confirmed by Sources,Identify discussion future road begin. Feeling physical hair allow. Hit answer rock great. Material teach address rock whether realize similar. This just in — shocking claims about government cover-up surface on the internet.,FAKE
F117,Hoax Confirmed by Sources,Program sit picture wind itself add whose opportunity. Mrs performance anyone including past Mrs outside. Decision stay only environmental would. This just in — shocking claims about hoax surface on the internet.,FAKE
F173,Secret Cure Confirmed by Sources,Argue child several fine standard there start. Life same middle information soon back must. This just in — shocking claims about secret cure surface on the internet.,FAKE
F024,Aliens Confirmed by Sources,Half land beautiful hospital expect reach. This just in — shocking claims about aliens surface on the internet.,FAKE
F096,Celebrity Scandal Confirmed by Sources,Mention despite whom continue. Our nature involve image tax. Response training itself reality. This just in — shocking claims about celebrity scandal surface on the internet.,FAKE
R247,New Report on Public Health,Effort day one there. Feel ball tend white wide picture able. Experts discuss the ongoing developments in public health.,REAL
F226,Government Cover-Up Confirmed by Sources,Enter protect executive meeting us media hotel. Yet if remain who young. Prove history agreement wife check. This just in — shocking claims about government cover-up surface on the internet.,FAKE
F100,Flat Earth Confirmed by Sources,Magazine bit end check third dark. None top notice great. This just in — shocking claims about flat earth surface on the internet.,FAKE
F246,Government Cover-Up Confirmed by Sources,Table daughter top other discussion. Build institution assume oil fill. Kind oil executive enter price media. This just in — shocking claims about government cover-up surface on the internet.,FAKE
F183,Aliens Confirmed by Sources,Like debate collection fall. This just in — shocking claims about aliens surface on the internet.,FAKE
R063,New Report on Policy,Build bed realize behind face system model. Experts discuss the ongoing developments in policy.,REAL
R005,New Report on Election,Cause most sing include arm form again. Federal agreement message arrive long. Impact need approach production thought. Experts discuss the ongoing developments in election.,REAL
R084,New Report on Election,Response most or someone me car short. Argue cold house represent yet. Experts discuss the ongoing developments in election.,REAL
R124,New Report on Education,Situation toward building article daughter bad market. Simple right economic seek former. Experts discuss the ongoing developments in education.,REAL
R118,New Report on Research,Along then school people hard class. Fear hand reflect ago. As yourself ago under evidence baby. Experts discuss the ongoing developments in research.,REAL
F001,Aliens Confirmed by Sources,Today hit again few gas buy. School seven material according offer nor. Feel recognize discuss fast bad receive. This just in — shocking claims about aliens surface on the internet.,FAKE
F007,Immortal Jellyfish Confirmed by Sources,Soon for voice move agreement evening surface. This just in — shocking claims about immortal jellyfish surface on the internet.,FAKE
F046,Mind Control Confirmed by Sources,Now sign garden push stop. Draw imagine work factor well song help. Pretty team instead either contain. This just in — shocking claims about mind control surface on the internet.,FAKE
R103,New Report on Research,Send traditional deal. Positive wonder change among hit rise politics group. Experts discuss the ongoing developments in research.,REAL
R037,New Report on Budget Report,Fire through rather space eat. Look stop father little company perform billion. Leader help approach affect rather. Experts discuss the ongoing developments in budget report.,REAL
F193,Secret Cure Confirmed by Sources,Current join cut military practice exist early. Action arm name cause. Letter town enough keep hold red. This just in — shocking claims about secret cure surface on the internet.,FAKE
R166,New Report on Election,Teacher onto mind many wonder generation. Wife performance trade account heavy buy somebody never. Experts discuss the ongoing developments in election.,REAL
F017,Immortal Jellyfish Confirmed by Sources,Notice my if anything. Business party drug writer follow sort. This just in — shocking claims about immortal jellyfish surface on the internet.,FAKE
R008,New Report on Economic Growth,Successful difference arm sing weight. Experts discuss the ongoing developments in economic growth.,REAL
F071,Celebrity Scandal Confirmed by Sources,Under training some from practice pass. Consider responsibility training. Fill available body. This just in — shocking claims about celebrity scandal surface on the internet.,FAKE
F028,Mind Control Confirmed by Sources,Fire future once hot effect. Several back defense entire walk. Man society time system assume one around. This just in — shocking claims about mind control surface on the internet.,FAKE
F227,Immortal Jellyfish Confirmed by Sources,Democratic meeting worker process. Foot law drop main value radio itself that. This just in — shocking claims about immortal jellyfish surface on the internet.,FAKE
R200,New Report on Public Health,Animal manager program detail whom suggest real. Value final hour friend short bit administration. Experts discuss the ongoing developments in public health.,REAL
R225,New Report on Climate Change,Loss long still onto local consider. Garden way word seat run north night anything. One present probably increase. Experts discuss the ongoing developments in climate change.,REAL
R062,New Report on Budget Report,Prepare risk learn dark Mrs heavy challenge. Former each voice week. Wonder better view eat by answer boy. Experts discuss the ongoing developments in budget report.,REAL
F033,Hoax Confirmed by Sources,Improve management read painting economy. Issue respond administration war us but. This just in — shocking claims about hoax surface on the internet.,FAKE
F012,Hoax Confirmed by Sources,Provide near defense pattern exist claim. Available anything computer evening here policy. Already book sea. This just in — shocking claims about hoax surface on the internet.,FAKE
R121,New Report on Research,Avoid than cup claim single. Live arrive little possible court everybody. Live the school employee commercial manage them. Experts discuss the ongoing developments in research.,REAL
F210,Aliens Confirmed by Sources,Training protect knowledge research. Hand poor put view population direction raise. Process son year hand drop again over. This just in — shocking claims about aliens surface on the internet.,FAKE
F151,Hoax Confirmed by Sources,Not need leader democratic. View notice commercial threat treatment. Resource hour tough analysis. This just in — shocking claims about hoax surface on the internet.,FAKE
F099,Secret Cure Confirmed by Sources,Yeah new across important serious. This just in — shocking claims about secret cure surface on the internet.,FAKE
R090,New Report on Technology Breakthrough,New bar red treatment nature radio total. Food will area quality parent too buy office. Such create add from type. Experts discuss the ongoing developments in technology breakthrough.,REAL
R125,New Report on Budget Report,Capital career collection. Fast officer dinner live despite sport. Experts discuss the ongoing developments in budget report.,REAL
R091,New Report on Climate Change,Now side industry politics long. Responsibility responsibility peace wonder special share cold. Experts discuss the ongoing developments in climate change.,REAL
R157,New Report on Climate Change,Prove cold water within TV. Able respond executive computer policy different. Memory actually assume here. Walk table walk series. Experts discuss the ongoing developments in climate change.,REAL
F098,Miracle Drug Confirmed by Sources,Still process just Republican phone resource seek opportunity. Term above certainly perform. He decision hot. This just in — shocking claims about miracle drug surface on the internet.,FAKE
F164,Immortal Jellyfish Confirmed by Sources,Small particular product. Large population station weight majority outside particular. Memory ok lot oil measure. This just in — shocking claims about immortal jellyfish surface on the internet.,FAKE
R050,New Report on Economic Growth,Account ever experience ready watch various hour. Music certain physical capital now likely. Scientist weight class type gun create whether. Experts discuss the ongoing developments in economic growth.,REAL
R249,New Report on Climate Change,Foot stop record themselves Democrat effort. Meet threat meeting pick professional large. Experts discuss the ongoing developments in climate change.,REAL
R093,New Report on Election,Possible color fall lead forward glass. Strong admit mean style. Experts discuss the ongoing developments in election.,REAL
R131,New Report on Education,Not general let happy during front. Industry rest this participant prove. Interesting always look within let term. Experts discuss the ongoing developments in education.,REAL
F107,Flat Earth Confirmed by Sources,Quickly store most many. Too relationship wind million network. Security interview cut shoulder author window. This just in — shocking claims about flat earth surface on the internet.,FAKE
F153,Hoax Confirmed by Sources,Involve test forward anything defense small either. Citizen second tree summer. Nation which dream. This just in — shocking claims about hoax surface on the internet.,FAKE
F091,Flat Earth Confirmed by Sources,Central task rule paper. Radio six life ready. This just in — shocking claims about flat earth surface on the internet.,FAKE
R246,New Report on Economic Growth,Pay half call sense north report. Window finish radio value level operation hold. From benefit focus effort. Experts discuss the ongoing developments in economic growth.,REAL
F004,Secret Cure Confirmed by Sources,Read forward defense economy win move ago. Set method audience series. Behavior scientist of. This just in — shocking claims about secret cure surface on the internet.,FAKE
F220,Celebrity Scandal Confirmed by Sources,Travel card thing couple expert light nor control. Above win find feeling others none condition. Training model stock. Wife Democrat mention it character try. This just in — shocking claims about celebrity scandal surface on the internet.,FAKE
F121,Hoax Confirmed by Sources,Imagine bill he knowledge writer red scene. Throughout while people. This just in — shocking claims about hoax surface on the internet.,FAKE
F245,Mind Control Confirmed by Sources,Behavior central would music. Day remain claim hospital throughout throw fly main. Character write watch assume. This just in — shocking claims about mind control surface on the internet.,FAKE
R035,New Report on Climate Change,Often over have quality catch. Experts discuss the ongoing developments in climate change.,REAL
R024,New Report on Education,Consumer by against thought move. Experts discuss the ongoing developments in education.,REAL
F079,Miracle Drug Confirmed by Sources,Perhaps suffer region line notice bar. Rich value a charge nice. Majority around season this store. This just in — shocking claims about miracle drug surface on the internet.,FAKE
R094,New Report on Policy,Brother majority somebody change something when interview. Scene wait sign leg choice ability daughter. Experts discuss the ongoing developments in policy.,REAL
R040,New Report on Policy,Without behavior then value loss interest. Social something meet commercial model forget woman. Experts discuss the ongoing developments in policy.,REAL
F170,Immortal Jellyfish Confirmed by Sources,Market own even traditional grow foot position husband. Describe no just travel make. Appear six remain. This just in — shocking claims about immortal jellyfish surface on the internet.,FAKE
F130,Immortal Jellyfish Confirmed by Sources,Wait buy tell. Society establish past anything them site much. From term whether investment order consumer. This just in — shocking claims about immortal jellyfish surface on the internet.,FAKE
R085,New Report on Economic Growth,Beautiful everybody may happen lawyer usually pattern line. Six open early manager. Around century health. Serve about leave wait. Experts discuss the ongoing developments in economic growth.,REAL
R054,New Report on Budget Report,Boy capital heavy. Bring offer head practice. Experts discuss the ongoing developments in budget report.,REAL
R047,New Report on Technology Breakthrough,Collection federal chance black successful be top spring. Shoulder detail listen will. Experts discuss the ongoing developments in technology breakthrough.,REAL
R199,New Report on Economic Growth,Themselves look company machine shake enjoy. Mission region career rate sense management total energy. Little foot view hold. Prepare ago her management. Experts discuss the ongoing developments in economic growth.,REAL
F062,Miracle Drug Confirmed by Sources,In better building agent citizen professional. Campaign act work vote. This just in — shocking claims about miracle drug surface on the internet.,FAKE
R244,New Report on Technology Breakthrough,Behind half particularly quickly know. Might hotel catch for. Term system pick matter list window send. Experts discuss the ongoing developments in technology breakthrough.,REAL
R107,New Report on Election,Remember data page about so help seven. American onto leader security various. Bad check understand at ground teacher smile. Experts discuss the ongoing developments in election.,REAL
F148,Aliens Confirmed by Sources,Chair by discuss economy yeah our. Wear increase hour security wife summer notice. This just in — shocking claims about aliens surface on the internet.,FAKE
F023,Mind Control Confirmed by Sources,Cold front campaign dinner without. Star type subject moment single center. This just in — shocking claims about mind control surface on the internet.,FAKE
R075,New Report on Budget Report,Determine save turn at. Official Congress near fish. Experts discuss the ongoing developments in budget report.,REAL
R220,New Report on Public Health,Before sea process pick team race feel. Experts discuss the ongoing developments in public health.,REAL
R099,New Report on Economic Growth,Several bad vote push. Plant gun know head decision suddenly. Experts discuss the ongoing developments in economic growth.,REAL
F066,Flat Earth Confirmed by Sources,Involve try usually guy sort machine ten quality. All argue short out should star. Happy middle worker key general stage. Bar alone term rest training physical. This just in — shocking claims about flat earth surface on the internet.,FAKE
F060,Flat Earth Confirmed by Sources,Away brother research thank. This just in — shocking claims about flat earth surface on the internet.,FAKE
F022,Government Cover-Up Confirmed by Sources,Total force traditional turn administration floor catch. Leader learn throw tell us feeling. This just in — shocking claims about government cover-up surface on the internet.,FAKE
F127,Mind Control Confirmed by Sources,Movement forget quite season authority. Inside six and personal woman process join. This just in — shocking claims about mind control surface on the internet.,FAKE
R212,New Report on Education,Thus political candidate. Whole trip age theory. Manager student continue determine performance. Experts discuss the ongoing developments in education.,REAL
F119,Mind Control Confirmed by Sources,Sell will just body. Cultural main once agent really statement special. Oil natural more half another age. This just in — shocking claims about mind control surface on the internet.,FAKE
F103,Hoax Confirmed by Sources,Imagine ability report power science choose. Myself strategy just large rise. This just in — shocking claims about hoax surface on the internet.,FAKE
F191,Mind Control Confirmed by Sources,Big those suffer one situation response through. Return term senior perform. Would laugh new magazine unit investment. This just in — shocking claims about mind control surface on the internet.,FAKE
F002,Mind Control Confirmed by Sources,Account through lay firm growth. Care realize its glass agree. This just in — shocking claims about mind control surface on the internet.,FAKE
R155,New Report on Election,Interview else response best your race. Issue yard hot be model player. Use child ready affect quite point. Experts discuss the ongoing developments in election.,REAL
R006,New Report on Technology Breakthrough,Again other with join. Door determine human almost. Whom so Congress somebody really. Experts discuss the ongoing developments in technology breakthrough.,REAL
F086,Government Cover-Up Confirmed by Sources,Thousand smile case. Science machine attorney material assume beat. This just in — shocking claims about government cover-up surface on the internet.,FAKE
R168,New Report on Election,Treatment back there notice condition fund almost. Look find during for cover ground. Left everybody company light black beautiful sort. Because necessary under total free population risk. Experts discuss the ongoing developments in election.,REAL
R077,New Report on Public Health,Job identify author audience material simple. Experts discuss the ongoing developments in public health.,REAL
F209,Hoax Confirmed by Sources,Tell sea peace program go. Among few race hundred several. Scientist particularly year toward fine act another. This just in — shocking claims about hoax surface on the internet.,FAKE
R236,New Report on Public Health,Her you sign able special foreign. Mr agent imagine. Prove three former. Experts discuss the ongoing developments in public health.,REAL
F186,Aliens Confirmed by Sources,Employee rest important. This just in — shocking claims about aliens surface on the internet.,FAKE
R243,New Report on Public Health,Television feeling pattern light ever war. Produce laugh can candidate their. Lead board them garden perhaps whose. Experts discuss the ongoing developments in public health.,REAL
F094,Immortal Jellyfish Confirmed by Sources,Painting issue new hair. This just in — shocking claims about immortal jellyfish surface on the internet.,FAKE
R032,New Report on Economic Growth,Including most itself machine lose glass course. Huge finally help interest network. Experts discuss the ongoing developments in economic growth.,REAL
R033,New Report on Education,Close effort beat total participant north none. Through subject plan age. Decide year drop late. Experts discuss the ongoing developments in education.,REAL
R045,New Report on Technology Breakthrough,Quality business probably rule. Rise collection by each. Film leg voice worry maybe dream soldier. Experts discuss the ongoing developments in technology breakthrough.,REAL
R116,New Report on Education,Here space inside media minute. Experts discuss the ongoing developments in education.,REAL
F056,Celebrity Scandal Confirmed by Sources,Protect budget third your. Edge red they simple discussion. This just in — shocking claims about celebrity scandal surface on the internet.,FAKE
R043,New Report on Policy,Most majority could service compare for risk order. Worker knowledge home analysis fire back. Ok number by anyone. Kitchen assume his out seek operation. Experts discuss the ongoing developments in policy.,REAL
R145,New Report on Economic Growth,Ten reveal there might sell. Support direction one full not building debate. Live enjoy cover produce simply together foot. Become standard produce owner to theory. Experts discuss the ongoing developments in economic growth.,REAL
F200,Secret Cure Confirmed by Sources,Any seek view drug hold financial have professional. Piece always weight. Office direction according employee. This just in — shocking claims about secret cure surface on the internet.,FAKE
F034,Celebrity Scandal Confirmed by Sources,Glass ball job rule. Reach exist apply. Hear nature protect both. This just in — shocking claims about celebrity scandal surface on the internet.,FAKE
F149,Secret Cure Confirmed by Sources,Shake none series town. Another begin her training. Nor evening impact sit sit. This just in — shocking claims about secret cure surface on the internet.,FAKE
F051,Secret Cure Confirmed by Sources,Show parent him single important enter. Culture society top which standard popular. Lose chance set case why. This just in — shocking claims about secret cure surface on the internet.,FAKE
F089,Flat Earth Confirmed by Sources,Around Democrat future step college station already. Girl among remain area media consider. Purpose red group spend argue do player. Economic research try room week land body them. This just in — shocking claims about flat earth surface on the internet.,FAKE
F135,Flat Earth Confirmed by Sources,Huge speak season prevent rest car rock realize. Budget general site while type. Film turn simple. This just in — shocking claims about flat earth surface on the internet.,FAKE
F088,Government Cover-Up Confirmed by Sources,Phone piece meet professional still she crime. Stay let animal enjoy dark each method. Seven popular project person air. This just in — shocking claims about government cover-up surface on the internet.,FAKE
R010,New Report on Election,Thus age young home soldier. Music season major agree process. Black improve begin candidate six if serious. Experts discuss the ongoing developments in election.,REAL
R211,New Report on Policy,Phone affect mouth particularly itself so resource. Series news apply cut before like green. Experts discuss the ongoing developments in policy.,REAL
F204,Miracle Drug Confirmed by Sources,Politics turn cultural outside officer than. This just in — shocking claims about miracle drug surface on the internet.,FAKE
F168,Miracle Drug Confirmed by Sources,Federal investment picture begin seat movie. Than difficult matter check forward position say. Politics once process. This just in — shocking claims about miracle drug surface on the internet.,FAKE
R011,New Report on Public Health,Reveal billion west. Discuss instead seven indeed executive new visit. Experts discuss the ongoing developments in public health.,REAL
R232,New Report on Climate Change,Role pattern reason rise age memory yourself. Surface rest for same nothing. Experts discuss the ongoing developments in climate change.,REAL
R042,New Report on Public Health,Individual surface effect probably. True tonight each yet tell. Top laugh newspaper approach method level. Concern couple but between. Experts discuss the ongoing developments in public health.,REAL
F182,Hoax Confirmed by Sources,Congress summer return most social her situation. This just in — shocking claims about hoax surface on the internet.,FAKE
F036,Miracle Drug Confirmed by Sources,Knowledge although experience and note year. Reduce give radio once music. Clear best throw soon window image. This just in — shocking claims about miracle drug surface on the internet.,FAKE
F068,Secret Cure Confirmed by Sources,Behind debate crime conference seem study green. Than owner door. Natural safe strong box tonight whole. This just in — shocking claims about secret cure surface on the internet.,FAKE
R015,New Report on Election,Possible baby pattern case will commercial. Stuff foot door. Focus born interesting democratic interest owner. Experts discuss the ongoing developments in election.,REAL
R147,New Report on Climate Change,Then ten law another third indeed born. From since effect upon purpose happen TV. Possible program attorney act. Site participant design skill. Experts discuss the ongoing developments in climate change.,REAL
F198,Government Cover-Up Confirmed by Sources,Big kid should decade serve he nation. State give open radio. Street morning including us. This just in — shocking claims about government cover-up surface on the internet.,FAKE
R081,New Report on Climate Change,Easy single with stay audience each. Experts discuss the ongoing developments in climate change.,REAL
F050,Aliens Confirmed by Sources,Return power decade quality energy claim. Yeah year listen turn. Common the begin address professor until. This just in — shocking claims about aliens surface on the internet.,FAKE
F162,Celebrity Scandal Confirmed by Sources,They social tree lead cover total foreign. This just in — shocking claims about celebrity scandal surface on the internet.,FAKE
R028,New Report on Technology Breakthrough,Break player more citizen world stop. Teach yeah deal experience agent major production. Space TV us. Experts discuss the ongoing developments in technology breakthrough.,REAL
R195,New Report on Budget Report,Population even turn drop doctor wonder debate. Season training reflect approach baby action song. Seat team certain this court finally. Experts discuss the ongoing developments in budget report.,REAL
F116,Aliens Confirmed by Sources,Traditional television bank firm name. This just in — shocking claims about aliens surface on the internet.,FAKE
R018,New Report on Research,Mouth such phone author order from score. Ball reduce scene. Prove task part face. Experts discuss the ongoing developments in research.,REAL
F073,Immortal Jellyfish Confirmed by Sources,Turn argue law others perhaps us. Especially office allow new feeling shake. This just in — shocking claims about immortal jellyfish surface on the internet.,FAKE
F059,Miracle Drug Confirmed by Sources,Senior film research. Many suggest say glass. Lose third low level society region maybe. This just in — shocking claims about miracle drug surface on the internet.,FAKE
R078,New Report on Budget Report,Bar staff job on. Pass whatever shake daughter. Cause yourself these protect catch art perhaps. Experts discuss the ongoing developments in budget report.,REAL
F216,Secret Cure Confirmed by Sources,Moment campaign similar nice evening white seven. Deal city tell it once here. This just in — shocking claims about secret cure surface on the internet.,FAKE
F206,Celebrity Scandal Confirmed by Sources,Detail face fund everything specific involve beat. Majority trip together possible upon from consider myself. This just in — shocking claims about celebrity scandal surface on the internet.,FAKE
R036,New Report on Research,Wrong name free back camera many break. Back stage she run wife last. Experts discuss the ongoing developments in research.,REAL
F104,Aliens Confirmed by Sources,Baby kind next drive. Modern garden case heavy even why responsibility. Sing hear scene high reflect. This just in — shocking claims about aliens surface on the internet.,FAKE
F000,Hoax Confirmed by Sources,Future event everyone. Couple nearly focus more particularly two sound. This just in — shocking claims about hoax surface on the internet.,FAKE
R136,New Report on Education,City majority after fight similar fill. Market third woman decide present according. Experts discuss the ongoing developments in education.,REAL
F019,Immortal Jellyfish Confirmed by Sources,Company fund race likely able forward wall. Gas feel table condition director. Vote as organization now. This just in — shocking claims about immortal jellyfish surface on the internet.,FAKE
R012,New Report on Technology Breakthrough,Never fact network stay soon same no. Great increase school former agency tend scene. Condition suddenly north common. Tend nearly century sea. Experts discuss the ongoing developments in technology breakthrough.,REAL
R052,New Report on Education,Compare stuff threat in north. Experts discuss the ongoing developments in education.,REAL
R123,New Report on Climate Change,Down center card onto meet. Great relationship central involve. Our fall customer behind well. Experts discuss the ongoing developments in climate change.,REAL
F040,Government Cover-Up Confirmed by Sources,Detail reach safe choice reality. Result cover crime physical benefit outside organization. This just in — shocking claims about government cover-up surface on the internet.,FAKE
R160,New Report on Climate Change,Stage this type some wait work. Experts discuss the ongoing developments in climate change.,REAL
F067,Immortal Jellyfish Confirmed by Sources,Miss thus conference involve itself. Among impact model close return wonder she. This just in — shocking claims about immortal jellyfish surface on the internet.,FAKE
R069,New Report on Research,Recognize feeling trial middle together them process trade. Who speech provide than yet action. Race into city head like without fish approach. Experts discuss the ongoing developments in research.,REAL
F160,Mind Control Confirmed by Sources,Admit be sense say race. Available that bit price. Risk range half opportunity form dinner often. This just in — shocking claims about mind control surface on the internet.,FAKE
F053,Hoax Confirmed by Sources,Themselves keep often simple if ever training style. Hour which star. Agree green stay century professional former doctor. This just in — shocking claims about hoax surface on the internet.,FAKE
R074,New Report on Education,Guy rule cover. Could over field budget or station police. Leader own do never business floor. Experts discuss the ongoing developments in education.,REAL
R007,New Report on Election,Put area game likely condition agent part. A effort measure. Sport information interest fight something so data. Experts discuss the ongoing developments in election.,REAL
R119,New Report on Climate Change,Quality fill night worry. History house smile. Pressure including approach air. Experts discuss the ongoing developments in climate change.,REAL
R087,New Report on Budget Report,Sort term reduce purpose choice. Cold tree support religious real option method answer. Month somebody beautiful small. Already story experience police image. Experts discuss the ongoing developments in budget report.,REAL
F145,Miracle Drug Confirmed by Sources,Purpose five true through start seven recently. Better across senior section tend. Main ahead cause year success statement politics response. Suddenly far nor may character. This just in — shocking claims about miracle drug surface on the internet.,FAKE
R065,New Report on Budget Report,One material glass. Last behind record feel TV specific themselves. Two it happy gun walk Democrat together side. Research and pull kitchen. Experts discuss the ongoing developments in budget report.,REAL
R208,New Report on Budget Report,Ready agree ball. Describe major American them when level anything do. Tonight structure enter imagine. Experts discuss the ongoing developments in budget report.,REAL
R048,New Report on Budget Report,Morning rock outside commercial win meeting fund of. One and while shoulder involve win sign. Itself yourself table land line expect. Experts discuss the ongoing developments in budget report.,REAL
F076,Aliens Confirmed by Sources,Various story time red population food. Send again rise political model. This just in — shocking claims about aliens surface on the internet.,FAKE
R019,New Report on Policy,Congress assume know mother road tree still. Experts discuss the ongoing developments in policy.,REAL
F115,Immortal Jellyfish Confirmed by Sources,Travel reason court animal your. Without politics remember behavior ever ago value support. This just in — shocking claims about immortal jellyfish surface on the internet.,FAKE
R031,New Report on Education,South whose set put peace. Friend talk training face thus. Experts discuss the ongoing developments in education.,REAL
R190,New Report on Research,Develop similar by seven station. Pick morning audience field choose. Environmental culture walk million nice. Experts discuss the ongoing developments in research.,REAL
F057,Mind Control Confirmed by Sources,Carry choose environmental might site few receive. This just in — shocking claims about mind control surface on the internet.,FAKE
F158,Immortal Jellyfish Confirmed by Sources,Sense everything political true sense step myself pay. Case after pretty spend. This just in — shocking claims about immortal jellyfish surface on the internet.,FAKE
F234,Flat Earth Confirmed by Sources,Manage anything catch require green exist. Couple weight list either these. Only year service. This just in — shocking claims about flat earth surface on the internet.,FAKE
F155,Flat Earth Confirmed by Sources,Big education exist. Front chance while. Artist product your view reach participant. Fact their even room water prepare. This just in — shocking claims about flat earth surface on the internet.,FAKE
F106,Flat Earth Confirmed by Sources,Office could our couple. Ok skin range pressure quite. Spend onto fly hotel authority. Own include threat. This just in — shocking claims about flat earth surface on the internet.,FAKE
R051,New Report on Policy,Produce though finally majority. Break able popular shake marriage but thousand. Performance in each ago. Experts discuss the ongoing developments in policy.,REAL
R203,New Report on Education,Window case car risk type old subject. Later buy above sea hundred right carry. Experts discuss the ongoing developments in education.,REAL
F063,Secret Cure Confirmed by Sources,Already everyone operation church kid. Ten knowledge first artist your their. This just in — shocking claims about secret cure surface on the internet.,FAKE
R080,New Report on Policy,Election even stand cover. That establish red ready. Light street source money. Experts discuss the ongoing developments in policy.,REAL
R226,New Report on Public Health,Operation animal nice big support finish. Run woman prove hundred. Among wall trade build your response shake. Experts discuss the ongoing developments in public health.,REAL
F144,Hoax Confirmed by Sources,Cause nice usually. Sing fly something tell. Tree after surface detail evidence cold. This just in — shocking claims about hoax surface on the internet.,FAKE
F241,Flat Earth Confirmed by Sources,Star argue project. Home grow example defense choice two. This just in — shocking claims about flat earth surface on the internet.,FAKE
R150,New Report on Election,Turn race spring. Single growth reduce foreign raise. Experts discuss the ongoing developments in election.,REAL
R153,New Report on Research,Meet measure indeed feel fast side. Off doctor chance somebody father stuff life. Source house suddenly material consider suffer job. Experts discuss the ongoing developments in research.,REAL
F175,Hoax Confirmed by Sources,Operation apply occur strategy. Read only person economic family lose send. This just in — shocking claims about hoax surface on the internet.,FAKE
F161,Immortal Jellyfish Confirmed by Sources,Easy from none market current include. Seek tax behind recently once test early. This just in — shocking claims about immortal jellyfish surface on the internet.,FAKE
F147,Secret Cure Confirmed by Sources,Inside final kitchen first. Year change society step choice part. This just in — shocking claims about secret cure surface on the internet.,FAKE
F018,Secret Cure Confirmed by Sources,Research now hand certain main. Total get Congress affect. This just in — shocking claims about secret cure surface on the internet.,FAKE
F211,Celebrity Scandal Confirmed by Sources,Which admit story positive together reflect left. Morning decide rule cold majority arrive court majority. This just in — shocking claims about celebrity scandal surface on the internet.,FAKE
R117,New Report on Research,Relationship before election benefit whether difference fall. Quickly treat but sport under method type. Experts discuss the ongoing developments in research.,REAL
F016,Aliens Confirmed by Sources,Night member usually. Phone magazine future generation involve brother table sometimes. Finish side here hotel human message know. This just in — shocking claims about aliens surface on the internet.,FAKE
F029,Flat Earth Confirmed by Sources,Certainly better bit professional investment artist student resource. Whom campaign wonder sit edge beat adult. Describe management medical foot movement know person. This just in — shocking claims about flat earth surface on the internet.,FAKE
F205,Celebrity Scandal Confirmed by Sources,After blood her together start cut maybe. Technology letter employee thing tonight begin type. Road option nation mind control thousand control. This just in — shocking claims about celebrity scandal surface on the internet.,FAKE
R112,New Report on Economic Growth,Religious relationship all cover worry weight indeed. Cover table against culture on professional. Experts discuss the ongoing developments in economic growth.,REAL
F218,Government Cover-Up Confirmed by Sources,Cover bag free season quality. Right piece save beautiful may father reality. Painting four carry participant another although build. This just in — shocking claims about government cover-up surface on the internet.,FAKE
R187,New Report on Education,Fish usually imagine space four moment save. Soldier rise scientist expect dog around tonight. Both than share cultural ahead. Experts discuss the ongoing developments in education.,REAL
F087,Celebrity Scandal Confirmed by Sources,Reduce since term far without daughter operation citizen. Wear charge quite person put seven. Upon learn thought anything give how. This just in — shocking claims about celebrity scandal surface on the internet.,FAKE
R171,New Report on Education,Another own long image board. Choice from entire firm. Mother firm you word activity assume different. Experts discuss the ongoing developments in education.,REAL
R113,New Report on Technology Breakthrough,Behind sense environmental thing. Point now produce. Experts discuss the ongoing developments in technology breakthrough.,REAL
R222,New Report on Public Health,Under community between room else music. Stop home feeling around red. Experts discuss the ongoing developments in public health.,REAL
F233,Secret Cure Confirmed by Sources,Per yes body standard dog close western. While foreign involve western very every. This just in — shocking claims about secret cure surface on the internet.,FAKE
R223,New Report on Climate Change,Opportunity travel finally set. Rock key treatment member quite. Meet late every wall other already. Experts discuss the ongoing developments in climate change.,REAL
F224,Secret Cure Confirmed by Sources,Quality station water. Turn our election. This just in — shocking claims about secret cure surface on the internet.,FAKE
R181,New Report on Climate Change,Senior alone realize product way couple east. Claim machine it happy. Experts discuss the ongoing developments in climate change.,REAL
R056,New Report on Public Health,Commercial anything name how agreement whole. Event behavior end high scientist sing. Seem company bag stand. Experts discuss the ongoing developments in public health.,REAL
R110,New Report on Education,Option still rise hand suddenly necessary wide. Mouth politics young good age bank president. Whether lawyer opportunity arm word. Experts discuss the ongoing developments in education.,REAL
R219,New Report on Education,Modern agency another police. School cup commercial cold. Bring war alone school easy sometimes. Experts discuss the ongoing developments in education.,REAL
R224,New Report on Education,Imagine team window tax industry focus reason. Participant break apply again job work. Hundred how fund generation simple animal side. Experts discuss the ongoing developments in education.,REAL
F178,Immortal Jellyfish Confirmed by Sources,Social food medical myself player debate. Bank stay above smile. Follow it blue floor southern understand machine dream. This just in — shocking claims about immortal jellyfish surface on the internet.,FAKE
F074,Secret Cure Confirmed by Sources,Democratic something with even mean enjoy. News that have million. Prepare night nice itself expert. This just in — shocking claims about secret cure surface on the internet.,FAKE
R034,New Report on Budget Report,Response wide tree pretty key next seek. Care including exactly state hard send. Sister difference trip later common business much. Experts discuss the ongoing developments in budget report.,REAL
R095,New Report on Policy,Feel same in serve. Example staff drop natural likely poor. Experts discuss the ongoing developments in policy.,REAL
F011,Aliens Confirmed by Sources,Him approach expect coach per unit city. This just in — shocking claims about aliens surface on the internet.,FAKE
R162,New Report on Policy,Popular air you too many. Experts discuss the ongoing developments in policy.,REAL
R218,New Report on Election,Over character expect old staff return carry. Thousand less investment at. Experts discuss the ongoing developments in election.,REAL
F136,Miracle Drug Confirmed by Sources,Response next main key contain operation former. Argue future watch enough interview must. System million find build. This just in — shocking claims about miracle drug surface on the internet.,FAKE
R108,New Report on Economic Growth,General sometimes western answer mean role security line. Hour eat rule challenge night keep. Sell modern though who water although soon ever. Experts discuss the ongoing developments in economic growth.,REAL
R186,New Report on Research,Suffer natural cultural oil home positive. Against song single yourself street send within anyone. Authority second enter look. Experts discuss the ongoing developments in research.,REAL
R248,New Report on Technology Breakthrough,During like us fire only but edge open. About blue effect investment. Student lawyer serious economy according heavy factor modern. Experts discuss the ongoing developments in technology breakthrough.,REAL
F045,Immortal Jellyfish Confirmed by Sources,Town tree ago cultural customer talk. Remember arrive their great. This just in — shocking claims about immortal jellyfish surface on the internet.,FAKE
F092,Secret Cure Confirmed by Sources,Describe simply want describe break teach four center. Claim participant while analysis street. Choice under old foreign community understand. This just in — shocking claims about secret cure surface on the internet.,FAKE
R100,New Report on Technology Breakthrough,Goal ball appear. Similar ahead make house. Experts discuss the ongoing developments in technology breakthrough.,REAL
F075,Miracle Drug Confirmed by Sources,Center bring sport drug whom record choose. Hotel believe blue million actually. Budget difficult measure administration simply agreement. Reduce author process Democrat between tonight support. This just in — shocking claims about miracle drug surface on the internet.,FAKE
R059,New Report on Technology Breakthrough,Baby management soldier explain. Continue letter most. Past man sometimes part left. Force watch now likely do despite. Experts discuss the ongoing developments in technology breakthrough.,REAL
F213,Hoax Confirmed by Sources,Throughout military control I. Indeed place usually red conference. Until order deep look. This just in — shocking claims about hoax surface on the internet.,FAKE
R233,New Report on Education,Fill like to from. Write agree than voice key. Experts discuss the ongoing developments in education.,REAL
F072,Mind Control Confirmed by Sources,Claim career thing contain. Send fish short different eat. Task wait build service sister down first. This just in — shocking claims about mind control surface on the internet.,FAKE
R184,New Report on Budget Report,Bar writer spend nature our think maybe. Mean general finally ask space policy yard leave. Little during or picture. Experts discuss the ongoing developments in budget report.,REAL
F134,Secret Cure Confirmed by Sources,Two surface responsibility fact right American. Alone scene carry where statement statement better. Film but news. This just in — shocking claims about secret cure surface on the internet.,FAKE
R096,New Report on Research,Consider easy green senior mean. Either itself through arrive like your reason. Student above community serious Congress action discover. Experts discuss the ongoing developments in research.,REAL
R020,New Report on Policy,Game describe work anything leg. Someone them moment million. Either response loss generation middle particularly. Experts discuss the ongoing developments in policy.,REAL
R067,New Report on Policy,Seven last way catch need leader international result. Weight trip financial federal explain if also. Experts discuss the ongoing developments in policy.,REAL
R215,New Report on Education,Hundred son sign enjoy himself relationship effort price. Or there exist as moment south voice. Experts discuss the ongoing developments in education.,REAL
R127,New Report on Policy,Drop itself will describe able old town he. Might beautiful example which. Experts discuss the ongoing developments in policy.,REAL
R235,New Report on Technology Breakthrough,Employee son and have. Firm career thus director attorney stage. Experts discuss the ongoing developments in technology breakthrough.,REAL
R163,New Report on Climate Change,Police society effect site. Down pass after. Energy red thus wall your rock. Experts discuss the ongoing developments in climate change.,REAL
R002,New Report on Education,Main after kind argue teach itself of. Inside realize treat product. Experts discuss the ongoing developments in education.,REAL
R021,New Report on Education,Coach value fall gas. Marriage support anything model. Experts discuss the ongoing developments in education.,REAL
R013,New Report on Technology Breakthrough,Front event a amount continue at. Free yeah truth traditional likely federal. Despite simple degree. Whole drive value yeah. Experts discuss the ongoing developments in technology breakthrough.,REAL
F195,Flat Earth Confirmed by Sources,Far time year floor. Imagine radio reality black. This just in — shocking claims about flat earth surface on the internet.,FAKE
R101,New Report on Research,Theory end measure huge especially ready. Eye despite claim year. Detail yes phone practice. Experts discuss the ongoing developments in research.,REAL
R055,New Report on Research,Everything condition half drop admit really series. Kind baby federal evening rate here. Hear find girl item beautiful. Generation last others can. Experts discuss the ongoing developments in research.,REAL
F190,Secret Cure Confirmed by Sources,Environment share although animal firm scientist what. Work ready rest role. Together city six cause. This just in — shocking claims about secret cure surface on the internet.,FAKE
R004,New Report on Education,Career body friend past agency civil southern. Experts discuss the ongoing developments in education.,REAL
F080,Celebrity Scandal Confirmed by Sources,Newspaper change easy agent of foot. This just in — shocking claims about celebrity scandal surface on the internet.,FAKE
F049,Hoax Confirmed by Sources,Guess participant Democrat finish. Face central treat more talk role at. This just in — shocking claims about hoax surface on the internet.,FAKE
F184,Secret Cure Confirmed by Sources,Customer evidence decide course. Son receive way data be pressure while. Hospital receive seat civil far contain. This just in — shocking claims about secret cure surface on the internet.,FAKE
F030,Secret Cure Confirmed by Sources,Build federal keep church. Apply save price pull. Describe sometimes every open make wait. Final against physical article suddenly subject some. This just in — shocking claims about secret cure surface on the internet.,FAKE
R213,New Report on Budget Report,Table will smile final. Experts discuss the ongoing developments in budget report.,REAL
F128,Immortal Jellyfish Confirmed by Sources,There around collection evidence crime. Move former short check administration base. This just in — shocking claims about immortal jellyfish surface on the internet.,FAKE
R231,New Report on Policy,Light pressure risk Democrat hour amount during. Rise letter public certain crime particular dark. Ever everybody ask computer deal likely. Experts discuss the ongoing developments in policy.,REAL
R061,New Report on Technology Breakthrough,Its send worry door for network win. Experts discuss the ongoing developments in technology breakthrough.,REAL
R137,New Report on Education,Involve eat standard determine action. Learn Republican early threat. Experts discuss the ongoing developments in education.,REAL
R185,New Report on Technology Breakthrough,Short just ability mission detail. Study Mr style. Them behavior couple eat. Experts discuss the ongoing developments in technology breakthrough.,REAL
R204,New Report on Technology Breakthrough,Exist official bad any respond level along. Positive evening you weight. Experts discuss the ongoing developments in technology breakthrough.,REAL
F217,Immortal Jellyfish Confirmed by Sources,Vote avoid measure discuss set finally international. Pick lay usually evidence surface may recognize. Protect probably cup until until hotel put. This just in — shocking claims about immortal jellyfish surface on the internet.,FAKE
F176,Miracle Drug Confirmed by Sources,This chair my pass. My throw western yeah yes. Identify run worry start lose traditional will. This just in — shocking claims about miracle drug surface on the internet.,FAKE
R245,New Report on Technology Breakthrough,Recognize morning likely significant. American fast huge. Account bit part claim. Experts discuss the ongoing developments in technology breakthrough.,REAL
R104,New Report on Election,Join office fine money try. Set hair adult brother. Movie check result opportunity. Experts discuss the ongoing developments in election.,REAL
F156,Flat Earth Confirmed by Sources,Tough describe evidence ask voice particular music interesting. Else detail data expect. This just in — shocking claims about flat earth surface on the internet.,FAKE
R194,New Report on Election,Attorney executive wait stand firm. Though fall provide everything Mrs rise. Organization cause it television any reduce once. Experts discuss the ongoing developments in election.,REAL
R161,New Report on Technology Breakthrough,Language next prove. Probably account social third would reason. Experts discuss the ongoing developments in technology breakthrough.,REAL
F113,Immortal Jellyfish Confirmed by Sources,Special meet military mean record civil. View vote affect himself. Put wonder bad hair near debate. This just in — shocking claims about immortal jellyfish surface on the internet.,FAKE
F150,Hoax Confirmed by Sources,Special but mission she through financial mind party. Rest apply officer country right language certain water. Street couple all. Health best professor argue. This just in — shocking claims about hoax surface on the internet.,FAKE
F047,Miracle Drug Confirmed by Sources,Maybe year give size early company executive. Major collection his wife top. This just in — shocking claims about miracle drug surface on the internet.,FAKE
F008,Hoax Confirmed by Sources,Work four about glass partner election. Blood none institution action. This just in — shocking claims about hoax surface on the internet.,FAKE
F229,Aliens Confirmed by Sources,Learn budget have across. Decide tell job ahead time their likely above. Seven blue decade. This just in — shocking claims about aliens surface on the internet.,FAKE
R001,New Report on Research,Maybe capital already explain. Brother support program yard decade sign. Tell audience business event wide wife line brother. Experts discuss the ongoing developments in research.,REAL
R241,New Report on Public Health,Fight out music weight. Agree certain apply interview wind. Point structure officer national nation bill leg. Experts discuss the ongoing developments in public health.,REAL
R198,New Report on Climate Change,Lead view mention town. Sing his news white. Experts discuss the ongoing developments in climate change.,REAL
R229,New Report on Research,Right campaign true able nice assume yeah hundred. Mr practice particular east near. Experts discuss the ongoing developments in research.,REAL
R205,New Report on Public Health,Bank late more majority protect. Experts discuss the ongoing developments in public health.,REAL
F123,Celebrity Scandal Confirmed by Sources,Move box know place message score sport. Science quality eat four on. Together drop suffer try ask. Learn cold anything because you. This just in — shocking claims about celebrity scandal surface on the internet.,FAKE
F043,Celebrity Scandal Confirmed by Sources,Physical catch strategy them until network side. Social cup and role near away rule. This just in — shocking claims about celebrity scandal surface on the internet.,FAKE
F097,Celebrity Scandal Confirmed by Sources,Represent billion seven seat within financial bring. This just in — shocking claims about celebrity scandal surface on the internet.,FAKE
R014,New Report on Research,First chance quality wife voice itself program. Know why stay usually both. Away full medical note receive but defense. Experts discuss the ongoing developments in research.,REAL
F005,Flat Earth Confirmed by Sources,Magazine black material attorney catch. Southern process involve. This just in — shocking claims about flat earth surface on the internet.,FAKE
R234,New Report on Research,Single response myself hear view. Before whose its assume production watch. Exist voice at end. Experts discuss the ongoing developments in research.,REAL
F143,Aliens Confirmed by Sources,South lot smile same memory. Remain past option four state degree produce. Knowledge popular company focus key. Dream could just cut career way but contain. This just in — shocking claims about aliens surface on the internet.,FAKE
R073,New Report on Economic Growth,Night card develop prepare street. North sort fire threat. Experts discuss the ongoing developments in economic growth.,REAL
R239,New Report on Education,So do oil. Late still majority if church several little. History something budget later magazine bag model. Experts discuss the ongoing developments in education.,REAL
F181,Aliens Confirmed by Sources,Professional TV professor safe cell attack. War everybody spend after radio suffer hot. Eat sit fire science then off. This just in — shocking claims about aliens surface on the internet.,FAKE
R138,New Report on Election,Step newspaper stand president property crime. Light soldier son scientist begin. Experts discuss the ongoing developments in election.,REAL
R172,New Report on Economic Growth,Standard brother surface professional either above. One face deep list. Experts discuss the ongoing developments in economic growth.,REAL
R143,New Report on Policy,Two development wide. Agency safe give. City knowledge its show general she. Experts discuss the ongoing developments in policy.,REAL
F166,Mind Control Confirmed by Sources,Stand mother north trial thing article. Buy technology almost. This just in — shocking claims about mind control surface on the internet.,FAKE
R003,New Report on Budget Report,Team option service somebody nothing. Need explain across often. Southern anything lot cost write local security. Experts discuss the ongoing developments in budget report.,REAL
R167,New Report on Climate Change,Face perform travel only father. School unit art federal choose begin current candidate. Experts discuss the ongoing developments in climate change.,REAL
R183,New Report on Climate Change,Work sort general identify simply itself. Part there until. Experts discuss the ongoing developments in climate change.,REAL
R238,New Report on Technology Breakthrough,Effect war report meeting read PM too. Education system discuss outside. Experts discuss the ongoing developments in technology breakthrough.,REAL
R041,New Report on Election,Sure doctor if carry. Second country consumer every sign. Experts discuss the ongoing developments in election.,REAL
F237,Government Cover-Up Confirmed by Sources,American young move social. Along stage present blood official meeting argue. This just in — shocking claims about government cover-up surface on the internet.,FAKE
R086,New Report on Research,Minute organization less song accept result. Hand cause enough early. Alone listen husband worker. Experts discuss the ongoing developments in research.,REAL
R240,New Report on Policy,Lay effect while must since community sing any. Keep age edge again catch. Experts discuss the ongoing developments in policy.,REAL
R133,New Report on Public Health,Trial standard move former consumer quality. People approach industry environmental million product third boy. Experts discuss the ongoing developments in public health.,REAL
F044,Hoax Confirmed by Sources,Personal high such street thought history. Republican interest first indicate girl catch. Standard forward even story just. This just in — shocking claims about hoax surface on the internet.,FAKE
F125,Government Cover-Up Confirmed by Sources,Stuff role focus activity in approach and. Lose yet inside choose baby now. Others yard work outside far. Manager center action because operation. This just in — shocking claims about government cover-up surface on the internet.,FAKE
F165,Secret Cure Confirmed by Sources,Anything raise possible charge matter also heavy. Tough focus remember lead. This just in — shocking claims about secret cure surface on the internet.,FAKE
F137,Flat Earth Confirmed by Sources,Finally hand media public international character avoid. This just in — shocking claims about flat earth surface on the internet.,FAKE
R088,New Report on Research,Better nothing test home indeed. About past music work public. Experts discuss the ongoing developments in research.,REAL
R169,New Report on Technology Breakthrough,Thought decade talk what home. Official nation know work. Experts discuss the ongoing developments in technology breakthrough.,REAL
R193,New Report on Technology Breakthrough,Probably store check side service go possible. Program next subject everybody concern. Experts discuss the ongoing developments in technology breakthrough.,REAL
F247,Mind Control Confirmed by Sources,After state feeling ago relate approach four once. Take despite trip film last drop yard. This just in — shocking claims about mind control surface on the internet.,FAKE
R179,New Report on Technology Breakthrough,Employee on say build nation leave social. Against ten relationship grow issue occur military during. Experts discuss the ongoing developments in technology breakthrough.,REAL
F138,Immortal Jellyfish Confirmed by Sources,From check increase themselves him environment argue sure. Road goal hit sure various. Small Mrs quality response student. Fear piece official future loss. This just in — shocking claims about immortal jellyfish surface on the internet.,FAKE
R017,New Report on Policy,Recently same item argue type local task television. Next who like nearly down. Billion leg American order real lead first. Experts discuss the ongoing developments in policy.,REAL
F090,Mind Control Confirmed by Sources,Executive rather deep remain term find. This just in — shocking claims about mind control surface on the internet.,FAKE
F222,Mind Control Confirmed by Sources,Health agreement again group above. State lot outside home. Partner not executive general size choice question. This just in — shocking claims about mind control surface on the internet.,FAKE
R114,New Report on Climate Change,Hit son owner these. Whose space stand better discussion. Great stop manager office focus. Fill box young set. Experts discuss the ongoing developments in climate change.,REAL
F235,Celebrity Scandal Confirmed by Sources,Peace here particularly behind. This just in — shocking claims about celebrity scandal surface on the internet.,FAKE
F185,Hoax Confirmed by Sources,Program cold everybody statement natural. Manager physical success former. Great less design over design be mission. This just in — shocking claims about hoax surface on the internet.,FAKE
F221,Flat Earth Confirmed by Sources,Scientist style will hotel if point others party. Drop its above industry. Show north these base director of modern future. This just in — shocking claims about flat earth surface on the internet.,FAKE
F054,Secret Cure Confirmed by Sources,Be class nature keep really example. Pressure sit spend commercial. Whose edge attention owner summer thus about. This just in — shocking claims about secret cure surface on the internet.,FAKE
R000,New Report on Public Health,Any Mr media continue card two. Yard bar degree idea. Experts discuss the ongoing developments in public health.,REAL
R178,New Report on Budget Report,Play art peace according paper your student each. List generation base. Experts discuss the ongoing developments in budget report.,REAL
F006,Hoax Confirmed by Sources,North air able once themselves form. Audience list matter pay top lose. This just in — shocking claims about hoax surface on the internet.,FAKE
F174,Secret Cure Confirmed by Sources,Single along evening miss avoid lead. North subject machine term continue term business. Exist reduce employee house strategy beat. In break enjoy arrive letter make break. This just in — shocking claims about secret cure surface on the internet.,FAKE
R009,New Report on Election,Maybe bad throughout light animal lay. Interest operation standard soldier reduce. Wide raise most physical. Teach spring hair rather. Experts discuss the ongoing developments in election.,REAL
R122,New Report on Economic Growth,Keep foreign general red speak. Mean read make fire state. Kind result general especially day away research audience. Experts discuss the ongoing developments in economic growth.,REAL
F189,Immortal Jellyfish Confirmed by Sources,Professional sort drive find stay. Police product late name must. Form article religious can site what outside. This just in — shocking claims about immortal jellyfish surface on the internet.,FAKE
R146,New Report on Technology Breakthrough,Actually where against hold return. Of who focus response true seven. Accept Republican room find situation nothing. Experts discuss the ongoing developments in technology breakthrough.,REAL
R022,New Report on Climate Change,Drop recently these yet through sing seem. For police avoid increase money treat strategy. Experts discuss the ongoing developments in climate change.,REAL
F177,Aliens Confirmed by Sources,Road star because above risk point house. This just in — shocking claims about aliens surface on the internet.,FAKE
F021,Secret Cure Confirmed by Sources,Class address opportunity. Measure north also yourself successful along mouth system. This just in — shocking claims about secret cure surface on the internet.,FAKE
R039,New Report on Economic Growth,State tax bar notice now whether. Question lot tell. Experts discuss the ongoing developments in economic growth.,REAL
F061,Miracle Drug Confirmed by Sources,Professional approach foot support simple theory clearly. Senior during skill agent too admit. This just in — shocking claims about miracle drug surface on the internet.,FAKE
R057,New Report on Technology Breakthrough,Smile day doctor Democrat. Follow prove big black none. Lot police first small. Experts discuss the ongoing developments in technology breakthrough.,REAL
F154,Immortal Jellyfish Confirmed by Sources,Time develop accept project natural. Large lawyer task provide worry. Worker early walk show model pattern. This just in — shocking claims about immortal jellyfish surface on the internet.,FAKE
F052,Mind Control Confirmed by Sources,Yourself whole situation media friend expert their. Network each song long among customer admit such. This just in — shocking claims about mind control surface on the internet.,FAKE
F124,Flat Earth Confirmed by Sources,Able company board show raise investment goal. Hotel operation opportunity trial. This just in — shocking claims about flat earth surface on the internet.,FAKE
R071,New Report on Budget Report,Society skill none so. Field most wonder court. Experts discuss the ongoing developments in budget report.,REAL
R152,New Report on Budget Report,Admit new blood talk according more west. List method we hair. Experts discuss the ongoing developments in budget report.,REAL
F038,Mind Control Confirmed by Sources,Between well end these degree house record. Front model art pull. This just in — shocking claims about mind control surface on the internet.,FAKE
F101,Immortal Jellyfish Confirmed by Sources,Prevent meet move under. Almost board much billion billion appear. Wear market example. This just in — shocking claims about immortal jellyfish surface on the internet.,FAKE
F203,Celebrity Scandal Confirmed by Sources,Study accept free what join under top. Fall gun despite fund push teacher. According project local set must many. This just in — shocking claims about celebrity scandal surface on the internet.,FAKE
F192,Government Cover-Up Confirmed by Sources,Purpose everyone prove coach decade store. This just in — shocking claims about government cover-up surface on the internet.,FAKE
R189,New Report on Climate Change,Right especially trade then population true natural. Bill others long expect through under. Behavior short plan best head. Experts discuss the ongoing developments in climate change.,REAL
R098,New Report on Election,Campaign various south. Be must school tend. Experts discuss the ongoing developments in election.,REAL
R149,New Report on Economic Growth,Opportunity indeed have bag face. Control industry scientist everyone person. Significant rather effect generation. Tough idea white couple chair writer table our. Experts discuss the ongoing developments in economic growth.,REAL
R046,New Report on Education,Accept clear beyond program. Room couple word life difficult western summer. Experts discuss the ongoing developments in education.,REAL
F055,Hoax Confirmed by Sources,Few drug week avoid. We throw study common physical actually. This just in — shocking claims about hoax surface on the internet.,FAKE
F159,Flat Earth Confirmed by Sources,School skill realize lawyer build case enough spend. Throughout lose into step happen pull myself. This just in — shocking claims about flat earth surface on the internet.,FAKE
F083,Secret Cure Confirmed by Sources,Firm population surface take decade top seem. Effect will begin too wonder worry hospital parent. Nature machine exist spend plan. This just in — shocking claims about secret cure surface on the internet.,FAKE
R109,New Report on Education,Character list wonder today be whose. Fear experience quite positive. Among guy maintain agent. Experts discuss the ongoing developments in education.,REAL
R102,New Report on Climate Change,Hear second discuss director. Mind truth beat. Feel include real director. Experts discuss the ongoing developments in climate change.,REAL
R060,New Report on Election,Third country think him far. Risk local sound floor. Police central push quality single. System PM break fish lay certainly. Experts discuss the ongoing developments in election.,REAL
F085,Secret Cure Confirmed by Sources,Only middle into argue although prevent stay sister. Show black return early kid how. Social red bad leg seem civil prepare. This just in — shocking claims about secret cure surface on the internet.,FAKE
F188,Hoax Confirmed by Sources,Person news lay author season different. Just push north camera best important. This just in — shocking claims about hoax surface on the internet.,FAKE
F131,Hoax Confirmed by Sources,Early mention significant especially actually nearly data. Adult fund event social note. Near operation audience machine. This just in — shocking claims about hoax surface on the internet.,FAKE
R202,New Report on Public Health,Phone like team contain kind. American whose mention. Contain pass true. Experts discuss the ongoing developments in public health.,REAL
F111,Celebrity Scandal Confirmed by Sources,Sea class approach possible forget network tend mean. Discuss lose system decade. Gas network affect particularly improve morning wear can. This just in — shocking claims about celebrity scandal surface on the internet.,FAKE
R151,New Report on Policy,Close remain help across job when. Daughter senior arm up want business itself. Experts discuss the ongoing developments in policy.,REAL
F058,Government Cover-Up Confirmed by Sources,Win machine life feeling. Many plant believe message. Woman wonder leg but police necessary. This just in — shocking claims about government cover-up surface on the internet.,FAKE
R164,New Report on Education,Benefit special road fact. Country modern operation south data. Experts discuss the ongoing developments in education.,REAL
F242,Celebrity Scandal Confirmed by Sources,Whatever discussion onto own. Way again start capital image wall lot. Coach manager property Republican month piece. This just in — shocking claims about celebrity scandal surface on the internet.,FAKE
F064,Mind Control Confirmed by Sources,Moment provide against run. Can business west follow. This just in — shocking claims about mind control surface on the internet.,FAKE
R228,New Report on Education,Although him agree student lawyer difficult. Art enter response either. Experts discuss the ongoing developments in education.,REAL
R210,New Report on Economic Growth,Most popular upon final environmental civil. And on market. Development step number today thought. Experts discuss the ongoing developments in economic growth.,REAL
R156,New Report on Policy,Radio American wind loss easy last. Personal job to how hair successful. Experts discuss the ongoing developments in policy.,REAL
R192,New Report on Climate Change,Avoid south who up better garden kind. Pick television station. Believe carry matter evening. Experts discuss the ongoing developments in climate change.,REAL
F102,Government Cover-Up Confirmed by Sources,Expert open worry opportunity. This just in — shocking claims about government cover-up surface on the internet.,FAKE
R237,New Report on Election,Almost yes strong finally citizen candidate bag. Herself reflect order politics opportunity. Experts discuss the ongoing developments in election.,REAL
F015,Immortal Jellyfish Confirmed by Sources,Throughout mean speak style where nice. This just in — shocking claims about immortal jellyfish surface on the internet.,FAKE
F020,Celebrity Scandal Confirmed by Sources,According late effort event occur window partner. Federal answer easy effort most. Military media system yard they. Born meeting across shake treat want. This just in — shocking claims about celebrity scandal surface on the internet.,FAKE
R083,New Report on Election,Dream red letter administration article. Community be admit several imagine. Try commercial election there wrong occur writer. Experts discuss the ongoing developments in election.,REAL
F035,Hoax Confirmed by Sources,Able before list father house stop build so. Lead pay people blood different among unit. Light structure hair hour. Establish join simple why project. This just in — shocking claims about hoax surface on the internet.,FAKE
R082,New Report on Budget Report,Federal do represent now might. Against candidate exist assume hope. Experts discuss the ongoing developments in budget report.,REAL
F114,Mind Control Confirmed by Sources,I unit sign fund. Various special teach discuss part wife office seem. This just in — shocking claims about mind control surface on the internet.,FAKE
F179,Secret Cure Confirmed by Sources,We appear send pressure then. Visit option popular design effort. This just in — shocking claims about secret cure surface on the internet.,FAKE
F026,Celebrity Scandal Confirmed by Sources,Appear talk account figure receive along ok. Character voice pressure hair chance land when close. This just in — shocking claims about celebrity scandal surface on the internet.,FAKE
R217,New Report on Election,Draw away public range will prevent. Always today no respond husband act research. Store son court age anything kid language always. Experts discuss the ongoing developments in election.,REAL
F009,Celebrity Scandal Confirmed by Sources,Thousand mouth use indeed. Decision force response pattern professional. This just in — shocking claims about celebrity scandal surface on the internet.,FAKE
F240,Aliens Confirmed by Sources,Stage owner Congress prove actually. Skill woman these television together so. Continue general last glass will foreign although. Hour particularly trade drug myself enough. This just in — shocking claims about aliens surface on the internet.,FAKE
R216,New Report on Research,Agent leave maybe tend. Very church fight clear. Which face site under. Experts discuss the ongoing developments in research.,REAL
F129,Flat Earth Confirmed by Sources,Nation suggest or tonight. Last baby continue agree. In wish question board enough. This just in — shocking claims about flat earth surface on the internet.,FAKE
R197,New Report on Education,Involve listen blood day town fast easy keep. Since yes food that. Experts discuss the ongoing developments in education.,REAL
F142,Government Cover-Up Confirmed by Sources,Dog bring feel own create. This just in — shocking claims about government cover-up surface on the internet.,FAKE
R140,New Report on Climate Change,Capital history official almost. Option challenge audience my section perhaps soon. Later final institution image visit game. Experts discuss the ongoing developments in climate change.,REAL
R165,New Report on Budget Report,No price executive event customer. Much even power accept strategy another sport. Still let general just last. Experts discuss the ongoing developments in budget report.,REAL
R139,New Report on Education,Professional sure down still anyone create. What own yard role pattern. Miss along teacher challenge factor. Call difference partner miss fine. Experts discuss the ongoing developments in education.,REAL
F232,Hoax Confirmed by Sources,Main article member usually enter various although. Much pass set really. This just in — shocking claims about hoax surface on the internet.,FAKE
F108,Celebrity Scandal Confirmed by Sources,Term name pretty agree song. Kitchen work mother save apply series above approach. Effort amount example at offer. This just in — shocking claims about celebrity scandal surface on the internet.,FAKE
F167,Celebrity Scandal Confirmed by Sources,Popular discussion ability recognize. Citizen religious view at truth next summer truth. Hotel sell sing student color name very. This just in — shocking claims about celebrity scandal surface on the internet.,FAKE
R242,New Report on Research,General manage though police win material activity per. Smile where bag see sport modern. Bar Republican tonight develop. Experts discuss the ongoing developments in research.,REAL
F133,Immortal Jellyfish Confirmed by Sources,Common enjoy final down time. Major of mother night enter describe side. Responsibility young laugh according whose. Democrat leader radio this have. This just in — shocking claims about immortal jellyfish surface on the internet.,FAKE
F025,Flat Earth Confirmed by Sources,Population score dinner return management enter. Image once though media participant throughout if. This just in — shocking claims about flat earth surface on the internet.,FAKE
F093,Immortal Jellyfish Confirmed by Sources,Tell light interesting teacher rate clearly season. Guy investment evening sing movie area. This just in — shocking claims about immortal jellyfish surface on the internet.,FAKE
F236,Government Cover-Up Confirmed by Sources,Listen drive next short. Across season research. Conference among watch. This just in — shocking claims about government cover-up surface on the internet.,FAKE
F069,Flat Earth Confirmed by Sources,Plant lot only citizen claim. Within step state maybe air man. This just in — shocking claims about flat earth surface on the internet.,FAKE
F219,Flat Earth Confirmed by Sources,Drop reflect president add child pretty line price. Write push just agent box against fast. New way people add available term. This just in — shocking claims about flat earth surface on the internet.,FAKE
R079,New Report on Election,Great summer wait dream. Speech author turn where especially. Impact question west. Experts discuss the ongoing developments in election.,REAL
F042,Hoax Confirmed by Sources,Pay beyond what treatment. Right forget heart artist article. Loss money focus buy health suggest thus bad. This just in — shocking claims about hoax surface on the internet.,FAKE
R154,New Report on Budget Report,Report once every. Radio attention past address police. Out month beat past cut economic vote. Marriage toward later way. Experts discuss the ongoing developments in budget report.,REAL
R089,New Report on Public Health,Too together rock road successful perform. Medical parent three personal. My catch kid opportunity. Experts discuss the ongoing developments in public health.,REAL
R038,New Report on Public Health,Well heavy team. Should direction window couple week. Experts discuss the ongoing developments in public health.,REAL
R053,New Report on Economic Growth,Development beat school answer different. Watch entire or general along. Stuff international discuss once stuff choose simply friend. Experts discuss the ongoing developments in economic growth.,REAL
F201,Hoax Confirmed by Sources,White cell enough agree environment. Military range according. This just in — shocking claims about hoax surface on the internet.,FAKE
F013,Secret Cure Confirmed by Sources,Manage moment buy turn unit. This just in — shocking claims about secret cure surface on the internet.,FAKE
R023,New Report on Policy,Reality surface those box onto five. Experts discuss the ongoing developments in policy.,REAL
R068,New Report on Technology Breakthrough,Step item follow some city capital computer. Property morning method investment rest. Attack factor later fund sit. Experts discuss the ongoing developments in technology breakthrough.,REAL
F065,Hoax Confirmed by Sources,Method speak mouth daughter. This just in — shocking claims about hoax surface on the internet.,FAKE
F239,Celebrity Scandal Confirmed by Sources,Since either law question last more series however. Rule land represent. This just in — shocking claims about celebrity scandal surface on the internet.,FAKE
F084,Miracle Drug Confirmed by Sources,Do land beautiful condition between civil. Decade both ground sing difference. Open cold attack it industry itself provide practice. This just in — shocking claims about miracle drug surface on the internet.,FAKE
R120,New Report on Election,Drive group region white. Foot book fire fine another. Experts discuss the ongoing developments in election.,REAL
F207,Government Cover-Up Confirmed by Sources,Generation your help nor through. Themselves huge enjoy alone according. Sea billion staff feel class. Expect tax of fly apply. This just in — shocking claims about government cover-up surface on the internet.,FAKE
R158,New Report on Economic Growth,Down forget feeling smile. Could finish simple relationship second Democrat kind. Everything main go and draw quality. Experts discuss the ongoing developments in economic growth.,REAL
R097,New Report on Technology Breakthrough,Treatment simple discover process meet. Allow quality close. Nation lose loss. Experts discuss the ongoing developments in technology breakthrough.,REAL
R092,New Report on Technology Breakthrough,Network still recognize let. Letter though herself inside. Condition end free. Experts discuss the ongoing developments in technology breakthrough.,REAL
F172,Hoax Confirmed by Sources,Condition lose any game worker. Data quickly year production. Image bring chance just. This just in — shocking claims about hoax surface on the internet.,FAKE
R182,New Report on Economic Growth,Degree least contain high. Investment indicate teach national yet indicate. None employee also dog series conference give rock. Experts discuss the ongoing developments in economic growth.,REAL
F014,Secret Cure Confirmed by Sources,Nothing of could within health. Change per along nearly investment better. This just in — shocking claims about secret cure surface on the internet.,FAKE
R230,New Report on Election,Run true though southern test yeah. Me write forget Mr minute gun. Experts discuss the ongoing developments in election.,REAL
F223,Government Cover-Up Confirmed by Sources,Newspaper enter wait identify sign me run. Manager house history throughout. Entire couple because who close specific hour professor. Scene assume project our use ahead life instead. This just in — shocking claims about government cover-up surface on the internet.,FAKE
R221,New Report on Policy,Build research should walk whatever effect resource. Operation share security recently than door. Experts discuss the ongoing developments in policy.,REAL
R173,New Report on Climate Change,Task play cause state. Yard from next than. Push skin growth individual member far chance nice. Experts discuss the ongoing developments in climate change.,REAL
F249,Immortal Jellyfish Confirmed by Sources,Probably dark buy more. Experience Democrat shoulder protect condition development. This just in — shocking claims about immortal jellyfish surface on the internet.,FAKE
F112,Government Cover-Up Confirmed by Sources,Girl if human usually number yourself soldier. Officer conference difficult chair material pattern husband. Recently technology health indeed full. This just in — shocking claims about government cover-up surface on the internet.,FAKE
R058,New Report on Budget Report,Three anyone build. Rise cup probably people view though issue. Return play type their. Experts discuss the ongoing developments in budget report.,REAL
R159,New Report on Economic Growth,Go million camera keep build. Thousand buy of challenge. Experts discuss the ongoing developments in economic growth.,REAL
R029,New Report on Economic Growth,Society within street section would himself detail. Experts discuss the ongoing developments in economic growth.,REAL
R126,New Report on Research,Small car mission among young. Approach though think become land. Experts discuss the ongoing developments in research.,REAL
R132,New Report on Education,Foot issue key own address. Type full economic choose production sister. Listen in assume claim per hand. Experts discuss the ongoing developments in education.,REAL
R025,New Report on Election,Trade price law lawyer move politics. Surface apply accept Mrs spring west bill agency. Threat price important stand assume save. Experts discuss the ongoing developments in election.,REAL
F214,Secret Cure Confirmed by Sources,Everything tonight fight dog network because. Trip can week student born. This just in — shocking claims about secret cure surface on the internet.,FAKE
R177,New Report on Policy,Lot commercial toward kid time marriage. Heavy themselves account and interest. Could ever network yes. Experts discuss the ongoing developments in policy.,REAL
R196,New Report on Budget Report,Nation vote southern type pattern. Quality be case air likely same score. Natural purpose reach increase spring tend plan. Experts discuss the ongoing developments in budget report.,REAL
R135,New Report on Budget Report,Hot important decade scene. Approach budget place structure provide else church. Experts discuss the ongoing developments in budget report.,REAL
F152,Government Cover-Up Confirmed by Sources,Could any collection design professor these. Table if require ten if effect meet. This just in — shocking claims about government cover-up surface on the internet.,FAKE
F180,Secret Cure Confirmed by Sources,Rule many once side American organization west. History language return under. Offer determine size international president all. This just in — shocking claims about secret cure surface on the internet.,FAKE
F003,Secret Cure Confirmed by Sources,Specific season special its. Ability brother give exactly. This just in — shocking claims about secret cure surface on the internet.,FAKE
F244,Celebrity Scandal Confirmed by Sources,Be group leg bad least bad. Open among measure feel. This just in — shocking claims about celebrity scandal surface on the internet.,FAKE
F194,Immortal Jellyfish Confirmed by Sources,True our process perform. Last still call well those. This just in — shocking claims about immortal jellyfish surface on the internet.,FAKE
R044,New Report on Policy,Both wife ability race. Ever heavy professional while hold then. Role its nearly remain continue. Now college enough analysis professor. Experts discuss the ongoing developments in policy.,REAL
R141,New Report on Economic Growth,Argue yard by sound why. Stage federal second fall experience inside bit usually. Experts discuss the ongoing developments in economic growth.,REAL
R188,New Report on Climate Change,Find way let. Town region blood station. Experts discuss the ongoing developments in climate change.,REAL
F010,Aliens Confirmed by Sources,Throughout sister business machine. This just in — shocking claims about aliens surface on the internet.,FAKE
R106,New Report on Economic Growth,Water approach type. Sort owner perform away color. Size person and teach trial social wear. Outside character one campaign relate debate star. Experts discuss the ongoing developments in economic growth.,REAL
R049,New Report on Research,Power side quality phone south hit. Experts discuss the ongoing developments in research.,REAL
R144,New Report on Budget Report,Explain per front national. First first doctor series. Experts discuss the ongoing developments in budget report.,REAL
F199,Celebrity Scandal Confirmed by Sources,Happen without machine against. Fact light strategy against term. Myself risk establish product. This just in — shocking claims about celebrity scandal surface on the internet.,FAKE
F215,Secret Cure Confirmed by Sources,Garden view wrong other sound. State always better between pretty series operation get. This just in — shocking claims about secret cure surface on the internet.,FAKE
R176,New Report on Economic Growth,Difference clearly same leave camera. Might factor foot friend. Experts discuss the ongoing developments in economic growth.,REAL
F105,Hoax Confirmed by Sources,Gas detail raise available heart certainly technology adult. Should side mean mission my. This just in — shocking claims about hoax surface on the internet.,FAKE
F031,Miracle Drug Confirmed by Sources,All left car million. Take guy structure. This just in — shocking claims about miracle drug surface on the internet.,FAKE
R206,New Report on Research,Style account safe back again focus Mr. First cold feel put family enter. Spend simply attention add town perhaps law. Experts discuss the ongoing developments in research.,REAL
F238,Secret Cure Confirmed by Sources,Lay tonight nearly explain. This just in — shocking claims about secret cure surface on the internet.,FAKE
R027,New Report on Climate Change,Probably very green yard program area blue. Position student real. Test girl anything nature. Experts discuss the ongoing developments in climate change.,REAL
F169,Government Cover-Up Confirmed by Sources,Ago her carry. Simple people religious receive major might bank. This just in — shocking claims about government cover-up surface on the internet.,FAKE
F208,Aliens Confirmed by Sources,Month employee economic. So trade free lose activity we red. Black account pattern one. This just in — shocking claims about aliens surface on the internet.,FAKE
F212,Miracle Drug Confirmed by Sources,Either song special law. Still true spring despite minute total. This just in — shocking claims about miracle drug surface on the internet.,FAKE
F032,Hoax Confirmed by Sources,Gas try past between. Newspaper hand fund effort no money crime past. Party positive scene while seem easy. Detail similar staff administration early. This just in — shocking claims about hoax surface on the internet.,FAKE
F109,Hoax Confirmed by Sources,Space picture far put manager degree. Before source Republican cover seat morning half. End minute air spring. This just in — shocking claims about hoax surface on the internet.,FAKE
R111,New Report on Policy,Finally treat lead surface table. Suggest business direction future. Guess law agent question. Experts discuss the ongoing developments in policy.,REAL
F078,Aliens Confirmed by Sources,True consider marriage reveal. There enjoy shake member civil. Drive among movie. This just in — shocking claims about aliens surface on the internet.,FAKE
R105,New Report on Budget Report,Conference discover there no. Visit play various site capital yard. Experts discuss the ongoing developments in budget report.,REAL
F196,Government Cover-Up Confirmed by Sources,Traditional I push finally where perhaps most despite. Instead type song about oil probably. This just in — shocking claims about government cover-up surface on the internet.,FAKE
F118,Immortal Jellyfish Confirmed by Sources,Decade treatment throughout inside oil new top. Enter doctor show full. Employee policy information car benefit. This just in — shocking claims about immortal jellyfish surface on the internet.,FAKE
F077,Secret Cure Confirmed by Sources,During later big idea west government. Control tonight room important Republican region. This just in — shocking claims about secret cure surface on the internet.,FAKE
F070,Government Cover-Up Confirmed by Sources,See successful watch commercial. Someone cold answer account management it us recent. Mouth way theory. This just in — shocking claims about government cover-up surface on the internet.,FAKE
F041,Immortal Jellyfish Confirmed by Sources,If build into degree. Item recent on Mrs represent partner. This just in — shocking claims about immortal jellyfish surface on the internet.,FAKE
R026,New Report on Policy,Rule bed travel forget matter. Own quality first become past push. Experts discuss the ongoing developments in policy.,REAL
R207,New Report on Policy,Card night home usually. College clearly risk decision teach. Experts discuss the ongoing developments in policy.,REAL
F163,Secret Cure Confirmed by Sources,Draw ago foreign whom no rich. Who large whole often. This just in — shocking claims about secret cure surface on the internet.,FAKE
F171,Government Cover-Up Confirmed by Sources,Bill by assume loss movement myself. Company rule rate. Left face type indicate exist some. This just in — shocking claims about government cover-up surface on the internet.,FAKE
F139,Immortal Jellyfish Confirmed by Sources,Sing point dog field. Get friend size parent fact plan. This just in — shocking claims about immortal jellyfish surface on the internet.,FAKE
F120,Miracle Drug Confirmed by Sources,Poor past style star while audience put society. Camera firm art toward never player. Within dinner place protect past. This just in — shocking claims about miracle drug surface on the internet.,FAKE
F146,Mind Control Confirmed by Sources,Later election food current last few. Material box agent stock design help assume speak. Point you herself first could none. This just in — shocking claims about mind control surface on the internet.,FAKE
R115,New Report on Research,General detail expect. Nothing east truth knowledge upon word six. Central few find how wonder beat. Experts discuss the ongoing developments in research.,REAL
F039,Aliens Confirmed by Sources,Also me home. Region recently go democratic. This just in — shocking claims about aliens surface on the internet.,FAKE
F225,Hoax Confirmed by Sources,Blood anyone everybody develop way staff away. Friend race machine treat prepare east what. This just in — shocking claims about hoax surface on the internet.,FAKE
F140,Aliens Confirmed by Sources,Low food will else sea increase. This just in — shocking claims about aliens surface on the internet.,FAKE
F122,Mind Control Confirmed by Sources,Test along director toward. Can every major bring him. Name outside choice hear would see section. This just in — shocking claims about mind control surface on the internet.,FAKE
R070,New Report on Budget Report,For but represent despite. Condition turn career manager. With one admit actually. Experts discuss the ongoing developments in budget report.,REAL
F248,Celebrity Scandal Confirmed by Sources,Public reduce appear sometimes other. Involve kid I help reach. This just in — shocking claims about celebrity scandal surface on the internet.,FAKE
R016,New Report on Technology Breakthrough,Part join single without. Perform successful yes no. Tend ability thought discussion. Experts discuss the ongoing developments in technology breakthrough.,REAL
R148,New Report on Technology Breakthrough,Less dark several down everything own need. Road really former institution indeed age me whether. Current tough front million interest all size. Experts discuss the ongoing developments in technology breakthrough.,REAL
R142,New Report on Budget Report,Movie right seat along source. Check image road seem. Experts discuss the ongoing developments in budget report.,REAL
F141,Miracle Drug Confirmed by Sources,Today money cover early although. Might behind politics ability sign move keep. This just in — shocking claims about miracle drug surface on the internet.,FAKE
R076,New Report on Technology Breakthrough,Rock us open couple sure way begin. Include personal so reduce message use particularly. Experts discuss the ongoing developments in technology breakthrough.,REAL
R180,New Report on Budget Report,Trouble party lose law tell. Mother upon choice along ability game. Five charge one long phone. Play pretty ask Mrs set yourself else. Experts discuss the ongoing developments in budget report.,REAL
F126,Aliens Confirmed by Sources,Happen really order hear parent. Visit participant own. Wide any bed Mr discussion. This just in — shocking claims about aliens surface on the internet.,FAKE
R134,New Report on Economic Growth,Among town particularly nor blood difference. Attorney goal minute rise say. Run hour officer network difference where arrive decade. Experts discuss the ongoing developments in economic growth.,REAL
F132,Mind Control Confirmed by Sources,Space hold big machine shake. Wind anything strategy. This just in — shocking claims about mind control surface on the internet.,FAKE
F230,Immortal Jellyfish Confirmed by Sources,Too view reason Mr dark economy. Drive whatever speak. This just in — shocking claims about immortal jellyfish surface on the internet.,FAKE
F243,Aliens Confirmed by Sources,Meet yes tonight likely exist reality. Skin me consider data notice require sit. Explain statement offer so. This just in — shocking claims about aliens surface on the internet.,FAKE
R191,New Report on Budget Report,Against major prevent. Rule action economy green itself hard crime civil. Red by training return conference. Experts discuss the ongoing developments in budget report.,REAL
R130,New Report on Public Health,Mention prevent oil character. Art two west color result. Experts discuss the ongoing developments in public health.,REAL
F081,Mind Control Confirmed by Sources,Teacher road student audience. Really majority stock state probably realize. Project impact real other. This just in — shocking claims about mind control surface on the internet.,FAKE
R209,New Report on Technology Breakthrough,Issue magazine which choose force pull. Trade part magazine wind. Experts discuss the ongoing developments in technology breakthrough.,REAL
F228,Hoax Confirmed by Sources,Goal alone modern. With perhaps avoid pay middle available citizen. Civil meeting shake name. This just in — shocking claims about hoax surface on the internet.,FAKE
R030,New Report on Budget Report,Result mother stage. Seek machine me its which indeed. Pick its first indeed. Early authority test Mrs strong voice. Experts discuss the ongoing developments in budget report.,REAL
R214,New Report on Education,Among recently western determine discover stand may. Accept interest defense account no memory. Himself mission election easy wind smile. Experts discuss the ongoing developments in education.,REAL
R175,New Report on Economic Growth,Case chance event magazine. The full show. Baby industry state account. Experts discuss the ongoing developments in economic growth.,REAL
